{"spot_diameter_fullres": 180.35770000000002, "tissue_hires_scalef": 0.090057634, "fiducial_diameter_fullres": 291.34705, "tissue_lowres_scalef": 0.027017292}