{"spot_diameter_fullres": 180.46004999999997, "tissue_hires_scalef": 0.090057634, "fiducial_diameter_fullres": 291.5124, "tissue_lowres_scalef": 0.027017292}