{"spot_diameter_fullres": 180.52106, "tissue_hires_scalef": 0.090057634, "fiducial_diameter_fullres": 291.61092999999994, "tissue_lowres_scalef": 0.027017292}