{"spot_diameter_fullres": 180.12552000000002, "tissue_hires_scalef": 0.090057634, "fiducial_diameter_fullres": 290.972, "tissue_lowres_scalef": 0.027017292}